global_signal	global_signal_derivative1	global_signal_derivative1_power2	global_signal_power2	csf	csf_derivative1	csf_derivative1_power2	csf_power2	white_matter	white_matter_derivative1	white_matter_derivative1_power2	white_matter_power2	csf_wm	tcompcor	std_dvars	dvars	framewise_displacement	rmsd	t_comp_cor_00	a_comp_cor_00	a_comp_cor_01	a_comp_cor_02	trans_x	trans_x_derivative1	trans_x_derivative1_power2	trans_x_power2	trans_y	trans_y_derivative1	trans_y_derivative1_power2	trans_y_power2	trans_z	trans_z_derivative1	trans_z_power2	trans_z_derivative1_power2	rot_x	rot_x_derivative1	rot_x_derivative1_power2	rot_x_power2	rot_y	rot_y_derivative1	rot_y_power2	rot_y_derivative1_power2	rot_z	rot_z_derivative1	rot_z_derivative1_power2	rot_z_power2	motion_outlier00	motion_outlier01
831.3307145950541	n/a	n/a	691110.7570291235	1122.8377494870242	n/a	n/a	1260764.6116730853	721.1160513567561	n/a	n/a	520008.3595243597	716.1037025777174	2044.5733635853887	n/a	n/a	n/a	n/a	0.4529013035	-0.037111213	0.4652275801	0.4855698131	0.0	n/a	n/a	0.0	0.0	n/a	n/a	0.0	0.0	n/a	0.0	n/a	0.0	n/a	n/a	0.0	-0.0	n/a	0.0	n/a	0.0	n/a	n/a	0.0	0.0	0.0
831.2032347499382	-0.12747984511588584	0.016251110910770243	690898.8174587609	1131.2530713449546	8.415321857930394	70.81764197256106	1279733.511427393	720.5421216863713	-0.573929670384814	0.3293952665480213	519180.9491242975	715.7122343032254	2052.8953781097885	1.7140939999999998	46.802372	0.033356623685	0.0252085	-0.8148045478	-0.6878204041	-0.813709715	-0.8112622302	-0.00246306	-0.00246306	6.0666645636e-06	6.0666645636e-06	9.93685e-07	9.93685e-07	9.874098792250001e-13	9.874098792250001e-13	-0.00992597	-0.00992597	9.85248804409e-05	9.85248804409e-05	-0.000419332	-0.000419332	1.7583932622399996e-07	1.7583932622399996e-07	-0.0	0.0	0.0	0.0	0.0	0.0	0.0	0.0	1.0	0.0
829.7251616158894	-1.4780731340488271	2.184700189596923	688443.8438185138	1123.3661774464529	-7.8868938985017385	62.20309536622396	1261951.5686306555	719.7930481034218	-0.7490735829494497	0.5611112326727261	518102.0320980149	714.7547154852838	2043.8274179104653	1.705657	46.572018	0.076591833685	0.0421506	0.3619032443	0.7249316171	0.348482135	0.325692417	0.0104554	0.01291846	0.0001668866087716	0.00010931538916	-0.0134949	-0.013495893685000001	0.00018213914635682287	0.00018211232601	-0.023842	-0.01391603	0.000568440964	0.0001936558909609	0.000305897	0.000725229	5.259571024409999e-07	9.3572974609e-08	-0.0	0.0	0.0	0.0	0.0	0.0	0.0	0.0	0.0	1.0
